id,title,depends_on,read_first,outputs,validation,done_when,status
G00,恢复唯一入口、保护当前工作树、同步新任务状态,,AGENTS.md;00-START-HERE.md;03-EXECUTION-AND-DOC-SYNC.md,AGENTS.md;v1/AGENTS.md;handoff/00-START-HERE.md;v1/HANDOFF.md;v1/docs/PROGRESS.md;v1/scripts/prepush_docs_gate.py,静态入口/状态/有效hook路径核对；不要求旧成果全部重写,所有入口指向v4；新旧状态无并列权威；本包文件完整且当前dev已核对,verified
N01,补齐R03授权：Task.sessionId、owner路由、执行时重验,G00,01-CURRENT-REVIEW.md;02-RELEASE-DEFINITION.md;04-LATEST-CONTRACT-FIXES.md,v1/src/services/conversation.mjs;v1/src/services/routes.mjs;v1/test/unit/conversation-r03.test.mjs;v1/test/integration/authorization-race.test.mjs,任务与会话不同ID、owner空scope、撤权竞态、disabled绑定正反例,列表不漏授权/不越权；owner可正确对话；等待后旧权限不能执行,verified
N02,秘密解码后按descriptor严格验证,N01,01-CURRENT-REVIEW.md;02-RELEASE-DEFINITION.md;04-LATEST-CONTRACT-FIXES.md,v1/src/security/secrets.mjs;v1/src/providers/platform.mjs;v1/src/providers/http.mjs;v1/src/services/accounts.mjs;v1/src/services/destinations.mjs;v1/test/unit/secrets.test.mjs,literal对象代替token拒绝；headers/数组/env边界；脱敏与已配置标记,所有provider调用经过typed resolver；不String对象、不兼容旧raw值,verified
N03,消除onFatal早到被ready覆盖与迟到句柄泄漏,N02,01-CURRENT-REVIEW.md;02-RELEASE-DEFINITION.md;04-LATEST-CONTRACT-FIXES.md,v1/src/runtime/manager.mjs;v1/test/integration/runtime.test.mjs,start返回前fatal；stop/新epoch先发生；迟到start句柄释放,fatal/stop优先；旧连接不污染新health；无资源泄漏,verified
N04,修正登录能力并建立capability方法证据映射,N03,01-CURRENT-REVIEW.md;02-RELEASE-DEFINITION.md;04-LATEST-CONTRACT-FIXES.md,v1/src/domain/descriptors.mjs;v1/src/providers/registry.mjs;v1/test/unit/registry.test.mjs;v1/docs/SUPPORT-MATRIX.json,29条完整枚举；6控制回复；只有两扫码；声明true必须对应实现和协议case,阶段未实现显式unsupported；最终gate不允许缺既定能力,verified
R07,控制卡片token合同,N04,01-CURRENT-REVIEW.md;contract/02-DATA.md;contract/03-SERVICES-RPC.md;contract/04-PROVIDERS.md;contract/18-WIRING.md;contract/20-HOST-PROTOCOL-MAP.md,v1/src/providers/telegram/index.mjs;v1/src/services/reply-refs.mjs;v1/test/protocol/telegram.test.mjs,"真实服务{label,token}到平台body，UTF-8 byte上限与错误",去除value/id旁路，按钮不静默丢失,verified
R09,Telegram群callback拒绝与接收ACK,R07,01-CURRENT-REVIEW.md;contract/02-DATA.md;contract/03-SERVICES-RPC.md;contract/04-PROVIDERS.md;contract/18-WIRING.md;contract/20-HOST-PROTOCOL-MAP.md,v1/src/providers/telegram/index.mjs;v1/test/protocol/telegram.test.mjs,群/私聊、重复callback、可靠接收失败、ACK失败,chat.type真实保留；answerCallbackQuery不冒充业务结算,implemented
R14,交互TTL与Host截止时间,R09,01-CURRENT-REVIEW.md;contract/02-DATA.md;contract/03-SERVICES-RPC.md;contract/04-PROVIDERS.md;contract/18-WIRING.md;contract/20-HOST-PROTOCOL-MAP.md,v1/src/services/interactions.mjs;v1/test/unit/interactions.test.mjs,过期、边界、超长、默认TTL,过期不续命，取较短期限,implemented
R10,默认manager接入配对与本人撤销,R14,01-CURRENT-REVIEW.md;contract/02-DATA.md;contract/03-SERVICES-RPC.md;contract/04-PROVIDERS.md;contract/18-WIRING.md;contract/20-HOST-PROTOCOL-MAP.md,v1/src/runtime/manager.mjs;v1/src/services/conversation.mjs;v1/test/integration/pairing-loop.test.mjs,真实Store+manager+pairing核销、重复核销、仅本人unpair,/pair可用，/unpair清理本人binding/refs，不撤别人,implemented
R11,Host事件到对话回程与待办投递,R10,01-CURRENT-REVIEW.md;contract/02-DATA.md;contract/03-SERVICES-RPC.md;contract/04-PROVIDERS.md;contract/18-WIRING.md;contract/20-HOST-PROTOCOL-MAP.md,v1/src/runtime/manager.mjs;v1/src/services/conversation.mjs;v1/src/services/correlations.mjs;v1/src/services/interactions.mjs;v1/test/integration/control-loop.test.mjs,完整Host事件/turn绑定/同主体回程/Native+IM竞争/取消/重启,不只invalidate；原聊天收到真实回复和待办；只结算一次,implemented
R12,媒体引用安全准入到Host AttachmentRef,R11,01-CURRENT-REVIEW.md;contract/02-DATA.md;contract/03-SERVICES-RPC.md;contract/04-PROVIDERS.md;contract/18-WIRING.md;contract/20-HOST-PROTOCOL-MAP.md,v1/src/services/conversation.mjs;v1/src/services/media.mjs;v1/src/services/replies.mjs;v1/test/integration/media-loop.test.mjs,权限前置、危险URL/大小/取消、纯附件、引用范围、Host保存,不透传含token URL；Host只接有效AttachmentRef,implemented
R13,控制发送幂等及逐段效果证据,R12,01-CURRENT-REVIEW.md;contract/02-DATA.md;contract/03-SERVICES-RPC.md;contract/04-PROVIDERS.md;contract/18-WIRING.md;contract/20-HOST-PROTOCOL-MAP.md,v1/src/services/control-replies.mjs;v1/src/services/effects.mjs;v1/src/providers/telegram/index.mjs;v1/test/integration/control-delivery.test.mjs,同请求重试、首段成功后段失败、崩溃unknown、accepted语义,按段journal，partial不丢，已发送不重发，无虚假confirmed,implemented
T17,Feishu,R13,02-RELEASE-DEFINITION.md;04-LATEST-CONTRACT-FIXES.md;contract/04-PROVIDERS.md;contract/22-DOC-SYNC-AND-PUSH.md,v1/src/providers/feishu/index.mjs,npm run test:protocol,飞书出入站/签名/SDK隔离超时/卡片,implemented
T18,WeChat,T17,02-RELEASE-DEFINITION.md;04-LATEST-CONTRACT-FIXES.md;contract/04-PROVIDERS.md;contract/22-DOC-SYNC-AND-PUSH.md,v1/src/providers/wechat-ilink/index.mjs,npm run test:protocol,扫码/长轮询/cursor/context/媒体,required
T19,QQ,T18,02-RELEASE-DEFINITION.md;04-LATEST-CONTRACT-FIXES.md;contract/04-PROVIDERS.md;contract/22-DOC-SYNC-AND-PUSH.md,v1/src/providers/qq-bot/index.mjs,npm run test:protocol,鉴权/HELLO/READY/heartbeat/渲染/重连,required
T20,DingTalk,T19,02-RELEASE-DEFINITION.md;04-LATEST-CONTRACT-FIXES.md;contract/04-PROVIDERS.md;contract/22-DOC-SYNC-AND-PUSH.md,v1/src/providers/dingtalk/index.mjs,npm run test:protocol,webhook签名/Stream鉴权/ACK/ping/重连,required
T21,WxPusher,T20,02-RELEASE-DEFINITION.md;04-LATEST-CONTRACT-FIXES.md;contract/04-PROVIDERS.md;contract/22-DOC-SYNC-AND-PUSH.md,v1/src/providers/wxpusher/index.mjs,npm run test:protocol,出站/鉴权callback/账号身份隔离,implemented
T26,DSH integration,T21,02-RELEASE-DEFINITION.md;04-LATEST-CONTRACT-FIXES.md;contract/05-HOST-CLI.md;contract/20-HOST-PROTOCOL-MAP.md;contract/22-DOC-SYNC-AND-PUSH.md,v1/src/host/dsh.mjs;v1/src/plugin-entry.mjs;v1/src/runtime/application.mjs,npm run test:integration,真实装配Host调用shape/工具事件/附件/释放,required
T27,RPC,T26,02-RELEASE-DEFINITION.md;04-LATEST-CONTRACT-FIXES.md;contract/03-SERVICES-RPC.md;contract/05-HOST-CLI.md;contract/14-UX-API-ADDENDUM.md;contract/22-DOC-SYNC-AND-PUSH.md,v1/src/rpc/router.mjs;v1/src/rpc/server.mjs,npm run test:integration,所有方法schema/认证/幂等/取消/1MiB；新增连接/health/首页/待办cursor合同,required
T28,CLI,T27,02-RELEASE-DEFINITION.md;04-LATEST-CONTRACT-FIXES.md;contract/05-HOST-CLI.md;contract/22-DOC-SYNC-AND-PUSH.md,v1/src/cli/main.mjs,npm run test:integration,所有命令真实服务；停止时restore/unlock,required
UX00,Design contract fixtures,T28,02-RELEASE-DEFINITION.md;04-LATEST-CONTRACT-FIXES.md;contract/11-UX-FLOWS.md;contract/12-VISUAL-DIRECTION.md;contract/13-QUALITY-LOOP.md;contract/14-UX-API-ADDENDUM.md;contract/15-FIELD-COPY.md;contract/19-UI-WIRING.md;contract/spec/EDITOR-FIELDS.json;contract/22-DOC-SYNC-AND-PUSH.md,v1/test/fixtures/ux/;v1/src/ui/design-tokens.mjs,npm run check,固定关键旅程fixture、tokens、文案与atomic接口，无模型选型,required
T30,UI foundation,UX00,02-RELEASE-DEFINITION.md;04-LATEST-CONTRACT-FIXES.md;contract/06-UI.md;contract/11-UX-FLOWS.md;contract/12-VISUAL-DIRECTION.md;contract/14-UX-API-ADDENDUM.md;contract/15-FIELD-COPY.md;contract/19-UI-WIRING.md;contract/spec/EDITOR-FIELDS.json;contract/22-DOC-SYNC-AND-PUSH.md,"v1/src/ui/{entry,controller,rpc,strings,theme,components}.mjs;v1/playwright.config.mjs;v1/test/e2e/harness.mjs;v1/src/ui/field-copy.mjs",npm run build,宿主React/slots/locale；controller真实RPC；启动真实服务的E2E harness，不Mock应用服务,required
UX01,R1 visual prototype review,T30,02-RELEASE-DEFINITION.md;04-LATEST-CONTRACT-FIXES.md;contract/11-UX-FLOWS.md;contract/12-VISUAL-DIRECTION.md;contract/13-QUALITY-LOOP.md;contract/14-UX-API-ADDENDUM.md;contract/15-FIELD-COPY.md;contract/19-UI-WIRING.md;contract/spec/EDITOR-FIELDS.json;contract/22-DOC-SYNC-AND-PUSH.md,v1/evidence/ux/R1.json;v1/evidence/visual/R1/,npm run build && npm run test:e2e,实际查看8组原型截图，记录缺陷并修复基础布局,required
T31,Overview notifications UI,UX01,02-RELEASE-DEFINITION.md;04-LATEST-CONTRACT-FIXES.md;contract/06-UI.md;contract/11-UX-FLOWS.md;contract/12-VISUAL-DIRECTION.md;contract/14-UX-API-ADDENDUM.md;contract/15-FIELD-COPY.md;contract/19-UI-WIRING.md;contract/spec/EDITOR-FIELDS.json;contract/22-DOC-SYNC-AND-PUSH.md,"v1/src/ui/pages/{overview,notifications}.mjs",npm run test:e2e,添加编辑账号/目标；测试显示真实Receipt,required
T32,Private chat UI,T31,02-RELEASE-DEFINITION.md;04-LATEST-CONTRACT-FIXES.md;contract/06-UI.md;contract/11-UX-FLOWS.md;contract/12-VISUAL-DIRECTION.md;contract/14-UX-API-ADDENDUM.md;contract/15-FIELD-COPY.md;contract/19-UI-WIRING.md;contract/spec/EDITOR-FIELDS.json;contract/22-DOC-SYNC-AND-PUSH.md,v1/src/ui/pages/private-chat.mjs,npm run test:e2e,登录/配对/撤权/会话/控制开关,required
T33,Pending settings UI,T32,02-RELEASE-DEFINITION.md;04-LATEST-CONTRACT-FIXES.md;contract/06-UI.md;contract/11-UX-FLOWS.md;contract/12-VISUAL-DIRECTION.md;contract/14-UX-API-ADDENDUM.md;contract/15-FIELD-COPY.md;contract/19-UI-WIRING.md;contract/spec/EDITOR-FIELDS.json;contract/22-DOC-SYNC-AND-PUSH.md,"v1/src/ui/pages/{pending,settings}.mjs",npm run test:e2e,多类型回答/100待办分页/路由/诊断/精确CLI指引,required
UX02,R2 full UX review,T33,02-RELEASE-DEFINITION.md;04-LATEST-CONTRACT-FIXES.md;contract/11-UX-FLOWS.md;contract/12-VISUAL-DIRECTION.md;contract/13-QUALITY-LOOP.md;contract/14-UX-API-ADDENDUM.md;contract/15-FIELD-COPY.md;contract/19-UI-WIRING.md;contract/spec/EDITOR-FIELDS.json;contract/22-DOC-SYNC-AND-PUSH.md,v1/evidence/ux/R2.json;v1/evidence/visual/R2/,npm run test:e2e,真实前后端旅程、自审理解成本与错误恢复，不能假称人类研究,required
UX03,Fix reviewed UX defects,UX02,02-RELEASE-DEFINITION.md;04-LATEST-CONTRACT-FIXES.md;contract/11-UX-FLOWS.md;contract/12-VISUAL-DIRECTION.md;contract/13-QUALITY-LOOP.md;contract/14-UX-API-ADDENDUM.md;contract/15-FIELD-COPY.md;contract/19-UI-WIRING.md;contract/spec/EDITOR-FIELDS.json;contract/22-DOC-SYNC-AND-PUSH.md,v1/src/ui/;v1/test/e2e/;v1/evidence/ux/fixes.json,npm run check && npm run test:e2e,逐条关闭R1/R2缺陷，保留前后截图与回归证据,required
UX04,R3 visual and accessibility review,UX03,02-RELEASE-DEFINITION.md;04-LATEST-CONTRACT-FIXES.md;contract/11-UX-FLOWS.md;contract/12-VISUAL-DIRECTION.md;contract/13-QUALITY-LOOP.md;contract/14-UX-API-ADDENDUM.md;contract/15-FIELD-COPY.md;contract/19-UI-WIRING.md;contract/spec/EDITOR-FIELDS.json;contract/22-DOC-SYNC-AND-PUSH.md,v1/evidence/ux/R3.json;v1/evidence/visual/R3/,npm run test:e2e,40基准+12状态/键盘/200%缩放/reduced-motion；实际图像检查,required
UX05,UX quality gate,UX04,02-RELEASE-DEFINITION.md;04-LATEST-CONTRACT-FIXES.md;contract/11-UX-FLOWS.md;contract/12-VISUAL-DIRECTION.md;contract/13-QUALITY-LOOP.md;contract/14-UX-API-ADDENDUM.md;contract/15-FIELD-COPY.md;contract/19-UI-WIRING.md;contract/spec/EDITOR-FIELDS.json;contract/22-DOC-SYNC-AND-PUSH.md,v1/scripts/verify-ux.mjs;v1/evidence/ux/summary.json,npm run verify:ux,零阻断/高严重度；逐项评分有证据；未关闭问题继续修复,required
G01,固定1.0.0候选版本与可复现依赖,UX05,02-RELEASE-DEFINITION.md;contract/01-DECISIONS.md;contract/spec/TOOLCHAIN.json,v1/package.json;v1/package-lock.json;v1/.npmrc;v1/.gitignore,Node22干净npm ci；锁文件与package相符；SDK可选安装分支,版本1.0.0，lockfile存在且不是手工猜依赖；发布所需工具可重建,required
T34,Full journeys,G01,02-RELEASE-DEFINITION.md;04-LATEST-CONTRACT-FIXES.md;contract/07-ACCEPTANCE.md;contract/13-QUALITY-LOOP.md;contract/22-DOC-SYNC-AND-PUSH.md,v1/test/e2e/;v1/test/integration/,npm test && npm run test:e2e,U01-U12；40截图；真实后端；三轮实际视觉自审/额外12状态证据,required
T35,Coverage fault injection,T34,02-RELEASE-DEFINITION.md;04-LATEST-CONTRACT-FIXES.md;contract/07-ACCEPTANCE.md;contract/22-DOC-SYNC-AND-PUSH.md,v1/scripts/coverage.mjs;v1/test/integration/faults.test.mjs,npm run test:coverage,核心95行90分支；崩溃/IO/撤权/并发,required
T36,Performance soak,T35,02-RELEASE-DEFINITION.md;04-LATEST-CONTRACT-FIXES.md;contract/07-ACCEPTANCE.md;contract/22-DOC-SYNC-AND-PUSH.md,v1/scripts/soak.mjs;v1/test/integration/performance.test.mjs,npm run test:soak,120min；100轮dispose；资源无持续泄漏,required
T37,Packaging,T36,02-RELEASE-DEFINITION.md;04-LATEST-CONTRACT-FIXES.md;contract/07-ACCEPTANCE.md;contract/22-DOC-SYNC-AND-PUSH.md,v1/scripts/verify-pack.mjs;v1/types/index.d.ts;v1/cordis.patch.yml,npm run verify:pack,隔离安装/导出/CLI/client；无legacy或凭据,required
G02,发行CI与缺项必须失败的严格门槛,T37,02-RELEASE-DEFINITION.md;contract/07-ACCEPTANCE.md,v1/scripts/check.mjs;v1/scripts/verify-release.mjs;.github/workflows/v1-release-check.yml;v1/scripts/assemble-release.mjs,CI范围v1和相关spec；负例缺RPC/方法/入口/证据/能力失败；无publish权限,阶段check与final gate分离；CI不要求真实密钥；不能只校验已有文件；发行目录组装脚本在T39之前完成，G03只生成产物不再改源码,required
T38,Docs release gates,G02,02-RELEASE-DEFINITION.md;04-LATEST-CONTRACT-FIXES.md;contract/07-ACCEPTANCE.md;contract/22-DOC-SYNC-AND-PUSH.md,v1/scripts/verify-release.mjs;v1/README.md;v1/README.zh-CN.md;v1/docs/,npm run verify:release -- --preflight,新API/导入skip/目标Host/证据准确；neat-freak全量文档盘点与推送门槛拒绝缺报告/旧digest/未同步文档，记录本地验证,required
T39,Final verification,T38,02-RELEASE-DEFINITION.md;04-LATEST-CONTRACT-FIXES.md;contract/07-ACCEPTANCE.md;contract/08-EXECUTION.md;contract/22-DOC-SYNC-AND-PUSH.md,v1/evidence/results.json,npm run check && npm test && npm run test:coverage && npm run build && npm run test:e2e && npm run verify:pack && npm run verify:release,所有前任务verified/soak证据同commit/无blockers；UX门槛通过，禁止用评分替代硬缺陷,required
G03,组装可交付发行目录与SHA256清单,T39,02-RELEASE-DEFINITION.md;REQUIRED-ARTIFACTS.json,release/dsh-notifier-1.0.0/,用实际npm pack输出，不重打不同字节冒充已验包；验证全部交付文件及摘要,02全部产物齐全、版本一致、无秘密、published状态真实；若生成阶段发现需改源码/脚本，必须回到T39重新形成最终证据,required
G04,最终文档同步与单ZIP发行交付,G03,02-RELEASE-DEFINITION.md;03-EXECUTION-AND-DOC-SYNC.md;.agents/skills/neat-freak/SKILL.md,v1/HANDOFF.md;v1/docs/PROGRESS.md;v1/docs/DOC-SYNC.json;release/dsh-notifier-1.0.0-release.zip,neat-freak全量；所有任务done且最终release矩阵通过；ZIP成员/哈希核对,交付产品发行ZIP与tgz，不再交开发计划；未授权则published=false,required
