id,title,depends_on,read_first,new_files,command,acceptance,status
T00,Bootstrap,,00-START.md;01-DECISIONS.md;AGENTS.md;22-DOC-SYNC-AND-PUSH.md,package.json;scripts/test.mjs;scripts/check.mjs;scripts/build.mjs;AGENTS.md;scripts/prepush_docs_gate.py;scripts/hooks/pre-push;docs/PROGRESS.md,node --check scripts/test.mjs,创建v1独立package与脚本；未实现检查返回非0；安装neat-freak与合并有效pre-push门槛；创建v1文档结构，初始未实现状态,verified
T01,Schema,T00,02-DATA.md;AGENTS.md;22-DOC-SYNC-AND-PUSH.md,src/domain/schema.mjs;src/domain/errors.mjs;src/domain/limits.mjs,npm run test:unit,schema合法/未知字段/外键/上限正反例,verified
T02,Store lock,T01,02-DATA.md;AGENTS.md;22-DOC-SYNC-AND-PUSH.md,src/storage/lock.mjs;src/storage/store.mjs,npm run test:unit,S01-S04；提交原子性；第二实例拒绝,verified
T03,Backup,T02,02-DATA.md;05-HOST-CLI.md;AGENTS.md;22-DOC-SYNC-AND-PUSH.md,src/storage/backup.mjs,npm run test:unit,S05；损坏备份拒绝；原文件保护,verified
T04,Secrets,T01,02-DATA.md;AGENTS.md;22-DOC-SYNC-AND-PUSH.md,src/security/secrets.mjs;src/security/redact.mjs,npm run test:unit,A05；env解析不落盘；keep/set/clear,verified
T08,Network,T01,04-PROVIDERS.md;AGENTS.md;22-DOC-SYNC-AND-PUSH.md,src/security/network.mjs,npm run test:unit,N01-N06；DNS固定/redirect/流上限,verified
T09,Host ports,T01,05-HOST-CLI.md;20-HOST-PROTOCOL-MAP.md;AGENTS.md;22-DOC-SYNC-AND-PUSH.md,src/host/port.mjs;test/fixtures/host.mjs,npm run test:unit,所有HostPort方法严格shape；无默认假成功,verified
T12,Messages,T08;T09,04-PROVIDERS.md;AGENTS.md;22-DOC-SYNC-AND-PUSH.md,src/domain/messages.mjs;src/services/media.mjs;src/services/replies.mjs,npm run test:unit,完整引用/媒体到Host；范围/取消/过大,verified
T25,Activity diagnostics,T02;T04,02-DATA.md;03-SERVICES-RPC.md;AGENTS.md;22-DOC-SYNC-AND-PUSH.md,src/services/activity.mjs;src/services/diagnostics.mjs,npm run test:unit,上限/TTL/脱敏/日志轮转,verified
B00,Static descriptors,T01,02-DATA.md;03-SERVICES-RPC.md;04-PROVIDERS.md;18-WIRING.md;spec/ports.d.ts;AGENTS.md;22-DOC-SYNC-AND-PUSH.md,src/domain/descriptors.mjs;src/ui/field-copy.mjs,npm run test:unit,EDITOR-FIELDS全字段与条件；静态descriptor无IO/adapter依赖,verified
T05,Accounts,T02;T04;B00,02-DATA.md;03-SERVICES-RPC.md;14-UX-API-ADDENDUM.md;AGENTS.md;22-DOC-SYNC-AND-PUSH.md,src/services/accounts.mjs;src/services/destinations.mjs;src/services/connections.mjs,npm run test:unit,A01/A02/A04；Destination引用完整；connections.create原子无孤儿,verified
T06,Identity,T05,02-DATA.md;AGENTS.md;22-DOC-SYNC-AND-PUSH.md,src/services/principals.mjs;src/services/pairing.mjs,npm run test:unit,A03/P01-P04；权限与核销原子,verified
T07,Routes,T05;T06,03-SERVICES-RPC.md;AGENTS.md;22-DOC-SYNC-AND-PUSH.md,src/services/routes.mjs;src/services/settings.mjs,npm run test:unit,路由优先级/quiet/缺目标/绑定歧义,verified
T13,Provider registry,T04;T08;B00,04-PROVIDERS.md;spec/CHANNELS.json;AGENTS.md;22-DOC-SYNC-AND-PUSH.md,src/providers/registry.mjs;src/providers/http.mjs;src/providers/specs.mjs,npm run test:unit,注册factory接口与29描述符一致，不在registry构造时启动具体transport,verified
T14,Notifications,T07;T13,03-SERVICES-RPC.md;04-PROVIDERS.md;AGENTS.md;22-DOC-SYNC-AND-PUSH.md,src/services/notifications.mjs,npm run test:unit,D01-D03；queue/retry/证据分层,verified
T22,Remaining code adapters,T13;T14,04-PROVIDERS.md;AGENTS.md;22-DOC-SYNC-AND-PUSH.md,"src/providers/{bark,pushplus,serverchan,webhook,wecom-app}/index.mjs",npm run test:protocol,逐渠道URL/body/成功/错误/超时/取消,verified
T23,Spec adapters,T13;T14,04-PROVIDERS.md;spec/CHANNELS.json;AGENTS.md;22-DOC-SYNC-AND-PUSH.md,"src/providers/{slack,discord,wecom,mattermost,gchat,teams,ntfy,gotify,pushover,chanify,pushdeer,xizhi,qmsg,igot,onebot,wps-bot}/index.mjs",npm run test:protocol,16声明式渠道全协议测试,verified
T24,Local adapters,T13;T14,04-PROVIDERS.md;AGENTS.md;22-DOC-SYNC-AND-PUSH.md,"src/providers/{bell,desktop}/index.mjs",npm run test:protocol,Linux/macOS/Windows argv正确；无shell注入,verified
T29,Importer,T05;T13;T03,09-IMPORT.md;AGENTS.md;22-DOC-SYNC-AND-PUSH.md,src/services/import.mjs,npm run test:integration,I01-I05；canonical前缀；允许全skip,verified
B01,Effect inbox and reply identity,T02;T04;B00,02-DATA.md;03-SERVICES-RPC.md;04-PROVIDERS.md;18-WIRING.md;spec/ports.d.ts;AGENTS.md;22-DOC-SYNC-AND-PUSH.md,src/services/effects.mjs;src/services/inbox.mjs;src/services/reply-contexts.mjs;src/services/reply-refs.mjs,npm run test:unit,W04/W10/W11/W20/W21；重启started不重放，跨主体幂等隔离,verified
B02,Control reply and correlation,T06;T09;B01,02-DATA.md;03-SERVICES-RPC.md;04-PROVIDERS.md;18-WIRING.md;spec/ports.d.ts;AGENTS.md;22-DOC-SYNC-AND-PUSH.md,src/services/control-replies.mjs;src/services/correlations.mjs,npm run test:unit,W01/W02/W12；6渠道控制回复独立通知，只有原主体回程,verified
B03,Login and read projection,T05;T09;B01,02-DATA.md;03-SERVICES-RPC.md;04-PROVIDERS.md;18-WIRING.md;spec/ports.d.ts;AGENTS.md;22-DOC-SYNC-AND-PUSH.md,src/runtime/login-manager.mjs;src/runtime/projection.mjs,npm run test:unit,W05/W17/W18/W28；boot版本唤醒、扫码取消/迟到不覆盖,verified
B04,Callbacks and host facts,T09;B01,02-DATA.md;03-SERVICES-RPC.md;04-PROVIDERS.md;18-WIRING.md;spec/ports.d.ts;20-HOST-PROTOCOL-MAP.md;AGENTS.md;22-DOC-SYNC-AND-PUSH.md,src/host/callbacks.mjs;src/host/waiters.mjs;src/host/event-map.mjs,npm run test:unit,W03/W06/W25；原始请求体验签、process-only恢复与真实Host事件映射,verified
T10,Interactions,T06;T09;B01;B02;B04,02-DATA.md;03-SERVICES-RPC.md;AGENTS.md;22-DOC-SYNC-AND-PUSH.md,src/services/interactions.mjs;src/runtime/arbiter.mjs,npm run test:unit,C01-C05；claim/uncertain/重启,verified
T11,Conversation,T07;T10;B02,03-SERVICES-RPC.md;AGENTS.md;22-DOC-SYNC-AND-PUSH.md,src/services/conversation.mjs,npm run test:unit,followup/inject/steer/stop与命令授权,verified
T15,Runtime,T05;T10;T14;B02;B03;B04,03-SERVICES-RPC.md;AGENTS.md;22-DOC-SYNC-AND-PUSH.md,src/runtime/manager.mjs;src/runtime/event-bus.mjs,npm run test:integration,D04/D05；epoch/dispose/reconcile,verified
T16,Telegram,T12;T13;T15,04-PROVIDERS.md;AGENTS.md;22-DOC-SYNC-AND-PUSH.md,src/providers/telegram/index.mjs,npm run test:protocol,TG通知/入站/按钮/引用/附件/重连,planned
T17,Feishu,T12;T13;T15,04-PROVIDERS.md;AGENTS.md;22-DOC-SYNC-AND-PUSH.md,src/providers/feishu/index.mjs,npm run test:protocol,飞书出入站/签名/SDK隔离超时/卡片,planned
T18,WeChat,T12;T13;T15,04-PROVIDERS.md;AGENTS.md;22-DOC-SYNC-AND-PUSH.md,src/providers/wechat-ilink/index.mjs,npm run test:protocol,扫码/长轮询/cursor/context/媒体,planned
T19,QQ,T12;T13;T15,04-PROVIDERS.md;AGENTS.md;22-DOC-SYNC-AND-PUSH.md,src/providers/qq-bot/index.mjs,npm run test:protocol,鉴权/HELLO/READY/heartbeat/渲染/重连,planned
T20,DingTalk,T12;T13;T15,04-PROVIDERS.md;AGENTS.md;22-DOC-SYNC-AND-PUSH.md,src/providers/dingtalk/index.mjs,npm run test:protocol,webhook签名/Stream鉴权/ACK/ping/重连,planned
T21,WxPusher,T12;T13;T15,04-PROVIDERS.md;AGENTS.md;22-DOC-SYNC-AND-PUSH.md,src/providers/wxpusher/index.mjs,npm run test:protocol,出站/鉴权callback/账号身份隔离,planned
T26,DSH integration,T09;T10;T11;T12;T15;T25;T16;T17;T18;T19;T20;T21;T22;T23;T24;B04,05-HOST-CLI.md;20-HOST-PROTOCOL-MAP.md;AGENTS.md;22-DOC-SYNC-AND-PUSH.md,src/host/dsh.mjs;src/plugin-entry.mjs;src/runtime/application.mjs,npm run test:integration,真实装配Host调用shape/工具事件/附件/释放,planned
T27,RPC,T03;T05;T06;T07;T10;T14;T15;T25;T26;T29;B03;B04,03-SERVICES-RPC.md;05-HOST-CLI.md;14-UX-API-ADDENDUM.md;AGENTS.md;22-DOC-SYNC-AND-PUSH.md,src/rpc/router.mjs;src/rpc/server.mjs,npm run test:integration,所有方法schema/认证/幂等/取消/1MiB；新增连接/health/首页/待办cursor合同,planned
T28,CLI,T27,05-HOST-CLI.md;AGENTS.md;22-DOC-SYNC-AND-PUSH.md,src/cli/main.mjs,npm run test:integration,所有命令真实服务；停止时restore/unlock,planned
UX00,Design contract fixtures,T27,11-UX-FLOWS.md;12-VISUAL-DIRECTION.md;13-QUALITY-LOOP.md;14-UX-API-ADDENDUM.md;15-FIELD-COPY.md;19-UI-WIRING.md;spec/EDITOR-FIELDS.json;AGENTS.md;22-DOC-SYNC-AND-PUSH.md,test/fixtures/ux/;src/ui/design-tokens.mjs,npm run check,固定关键旅程fixture、tokens、文案与atomic接口，无模型选型,planned
T30,UI foundation,T27;UX00,06-UI.md;11-UX-FLOWS.md;12-VISUAL-DIRECTION.md;14-UX-API-ADDENDUM.md;15-FIELD-COPY.md;19-UI-WIRING.md;spec/EDITOR-FIELDS.json;AGENTS.md;22-DOC-SYNC-AND-PUSH.md,"src/ui/{entry,controller,rpc,strings,theme,components}.mjs;playwright.config.mjs;test/e2e/harness.mjs;src/ui/field-copy.mjs",npm run build,宿主React/slots/locale；controller真实RPC；启动真实服务的E2E harness，不Mock应用服务,planned
UX01,R1 visual prototype review,T30,11-UX-FLOWS.md;12-VISUAL-DIRECTION.md;13-QUALITY-LOOP.md;14-UX-API-ADDENDUM.md;15-FIELD-COPY.md;19-UI-WIRING.md;spec/EDITOR-FIELDS.json;AGENTS.md;22-DOC-SYNC-AND-PUSH.md,evidence/ux/R1.json;evidence/visual/R1/,npm run build && npm run test:e2e,实际查看8组原型截图，记录缺陷并修复基础布局,planned
T31,Overview notifications UI,T30;T16;T22;UX01,06-UI.md;11-UX-FLOWS.md;12-VISUAL-DIRECTION.md;14-UX-API-ADDENDUM.md;15-FIELD-COPY.md;19-UI-WIRING.md;spec/EDITOR-FIELDS.json;AGENTS.md;22-DOC-SYNC-AND-PUSH.md,"src/ui/pages/{overview,notifications}.mjs",npm run test:e2e,添加编辑账号/目标；测试显示真实Receipt,planned
T32,Private chat UI,T30;T16;T17;T18;T19;T20;T21;UX01,06-UI.md;11-UX-FLOWS.md;12-VISUAL-DIRECTION.md;14-UX-API-ADDENDUM.md;15-FIELD-COPY.md;19-UI-WIRING.md;spec/EDITOR-FIELDS.json;AGENTS.md;22-DOC-SYNC-AND-PUSH.md,src/ui/pages/private-chat.mjs,npm run test:e2e,登录/配对/撤权/会话/控制开关,planned
T33,Pending settings UI,T30;T10;T25;T28;UX01,06-UI.md;11-UX-FLOWS.md;12-VISUAL-DIRECTION.md;14-UX-API-ADDENDUM.md;15-FIELD-COPY.md;19-UI-WIRING.md;spec/EDITOR-FIELDS.json;AGENTS.md;22-DOC-SYNC-AND-PUSH.md,"src/ui/pages/{pending,settings}.mjs",npm run test:e2e,多类型回答/100待办分页/路由/诊断/精确CLI指引,planned
UX02,R2 full UX review,T31;T32;T33,11-UX-FLOWS.md;12-VISUAL-DIRECTION.md;13-QUALITY-LOOP.md;14-UX-API-ADDENDUM.md;15-FIELD-COPY.md;19-UI-WIRING.md;spec/EDITOR-FIELDS.json;AGENTS.md;22-DOC-SYNC-AND-PUSH.md,evidence/ux/R2.json;evidence/visual/R2/,npm run test:e2e,真实前后端旅程、自审理解成本与错误恢复，不能假称人类研究,planned
UX03,Fix reviewed UX defects,UX02,11-UX-FLOWS.md;12-VISUAL-DIRECTION.md;13-QUALITY-LOOP.md;14-UX-API-ADDENDUM.md;15-FIELD-COPY.md;19-UI-WIRING.md;spec/EDITOR-FIELDS.json;AGENTS.md;22-DOC-SYNC-AND-PUSH.md,src/ui/;test/e2e/;evidence/ux/fixes.json,npm run check && npm run test:e2e,逐条关闭R1/R2缺陷，保留前后截图与回归证据,planned
UX04,R3 visual and accessibility review,UX03,11-UX-FLOWS.md;12-VISUAL-DIRECTION.md;13-QUALITY-LOOP.md;14-UX-API-ADDENDUM.md;15-FIELD-COPY.md;19-UI-WIRING.md;spec/EDITOR-FIELDS.json;AGENTS.md;22-DOC-SYNC-AND-PUSH.md,evidence/ux/R3.json;evidence/visual/R3/,npm run test:e2e,40基准+12状态/键盘/200%缩放/reduced-motion；实际图像检查,planned
UX05,UX quality gate,UX04,11-UX-FLOWS.md;12-VISUAL-DIRECTION.md;13-QUALITY-LOOP.md;14-UX-API-ADDENDUM.md;15-FIELD-COPY.md;19-UI-WIRING.md;spec/EDITOR-FIELDS.json;AGENTS.md;22-DOC-SYNC-AND-PUSH.md,scripts/verify-ux.mjs;evidence/ux/summary.json,npm run verify:ux,零阻断/高严重度；逐项评分有证据；未关闭问题继续修复,planned
T34,Full journeys,T29;T31;T32;T33;T23;T24;UX05,07-ACCEPTANCE.md;13-QUALITY-LOOP.md;AGENTS.md;22-DOC-SYNC-AND-PUSH.md,test/e2e/;test/integration/,npm test && npm run test:e2e,U01-U12；40截图；真实后端；三轮实际视觉自审/额外12状态证据,planned
T35,Coverage fault injection,T34,07-ACCEPTANCE.md;AGENTS.md;22-DOC-SYNC-AND-PUSH.md,scripts/coverage.mjs;test/integration/faults.test.mjs,npm run test:coverage,核心95行90分支；崩溃/IO/撤权/并发,planned
T36,Performance soak,T35,07-ACCEPTANCE.md;AGENTS.md;22-DOC-SYNC-AND-PUSH.md,scripts/soak.mjs;test/integration/performance.test.mjs,npm run test:soak,120min；100轮dispose；资源无持续泄漏,planned
T37,Packaging,T28;T30;T34,07-ACCEPTANCE.md;AGENTS.md;22-DOC-SYNC-AND-PUSH.md,scripts/verify-pack.mjs;types/index.d.ts;cordis.patch.yml,npm run verify:pack,隔离安装/导出/CLI/client；无legacy或凭据,planned
T38,Docs release gates,T29;T35;T36;T37,07-ACCEPTANCE.md;AGENTS.md;22-DOC-SYNC-AND-PUSH.md,scripts/verify-release.mjs;README.md;README.zh-CN.md;docs/,npm run verify:release -- --preflight,新API/导入skip/目标Host/证据准确；neat-freak全量文档盘点与推送门槛拒绝缺报告/旧digest/未同步文档，记录本地验证,planned
T39,Final verification,T38,07-ACCEPTANCE.md;08-EXECUTION.md;AGENTS.md;22-DOC-SYNC-AND-PUSH.md,evidence/results.json,npm run check && npm test && npm run test:coverage && npm run build && npm run test:e2e && npm run verify:pack && npm run verify:release,所有前任务verified/soak证据同commit/无blockers；UX门槛通过，禁止用评分替代硬缺陷,planned
